Column,Cramersvalue
Var14,0.003616
Var15,0.187614
Var16,0.278488
Var17,0.278732
Var18,0.000000
Var19,0.037500
Var20,0.279014
Var21,0.002163
Var22,0.100331
Var23,0.197278
Var24,0.258099
Var25,0.283316
Var26,0.252592
Var27,0.127012
Var28,0.275850
Var29,0.282840
Var30,0.161455
Var31,0.245074
Var32,0.085757
Var33,0.049259
Var34,0.282022
Var35,0.035937
Var36,0.133638
Var37,0.247962
Var38,0.073740
Var39,0.206376